PUBLICATION_DATE,NTA_Code,NTA_Name,NTAAbbrev,Baseline,Control_Scenario_Temperature,Planned_Action_Temperature,Percent_Managed_by_Action
5/1/25,BK0101,Greenpoint,Grnpt,87.31,93.72,93.53,-2.96
5/1/25,BK0102,Williamsburg,Wllmsbrg,87.37,93.79,93.59,-3.15
5/1/25,BK0103,South Williamsburg,SWllmsbrg,87.35,93.79,93.4,-5.97
5/1/25,BK0104,East Williamsburg,EWllmsbrg,87.36,93.78,93.58,-3.16
5/1/25,BK0201,Brooklyn Heights,BkHts,86.44,92.83,92.81,-0.45
5/1/25,BK0202,Downtown Brooklyn-DUMBO-Boerum Hill,DwntwnBk,86.9,93.32,93.22,-1.56
5/1/25,BK0203,Fort Greene,FtGrn,86.71,93.1,92.8,-4.64
5/1/25,BK0204,Clinton Hill,ClntnHl,86.69,93.09,92.74,-5.38
5/1/25,BK0261,Brooklyn Navy Yard,BkNvyYrd,87.39,93.81,93.38,-6.8
5/1/25,BK0301,Bedford-Stuyvesant (West),BdSty_W,86.99,93.42,93.02,-6.22
5/1/25,BK0302,Bedford-Stuyvesant (East),BdSty_E,86.84,93.25,92.91,-5.27
5/1/25,BK0401,Bushwick (West),Bshwck_W,87.47,93.9,93.77,-2.09
5/1/25,BK0402,Bushwick (East),Bshwck_E,86.93,93.31,92.96,-5.52
5/1/25,BK0471,The Evergreens Cemetery,EvrgrnsCem,85.94,92.02,92.03,0.22
5/1/25,BK0501,Cypress Hills,CyprssHls,86.5,92.7,92.65,-0.78
5/1/25,BK0502,East New York (North),ENY_N,86.99,93.4,93.12,-4.25
5/1/25,BK0503,East New York-New Lots,ENY_NwLts,86.86,93.24,93.1,-2.11
5/1/25,BK0504,Spring Creek-Starrett City,SpCrk_StrC,86.27,92.55,92.52,-0.51
5/1/25,BK0505,East New York-City Line,ENY_CtyLn,86.76,93.13,92.96,-2.69
5/1/25,BK0571,Highland Park-Cypress Hills Cemeteries (South),CyHlsCem_S,85.53,91.4,91.62,3.71
5/1/25,BK0601,Carroll Gardens-Cobble Hill-Gowanus-Red Hook,CrrllGrdns,87,93.4,93.31,-1.44
5/1/25,BK0602,Park Slope,PkSlp,86.64,92.96,92.76,-3.31
5/1/25,BK0701,Windsor Terrace-South Slope,WndsrTr,86.34,92.59,92.57,-0.35
5/1/25,BK0702,Sunset Park (West),SnstPk_W,86.42,92.71,92.56,-2.4
5/1/25,BK0703,Sunset Park (Central),SnstPk_C,87.2,93.62,93.54,-1.28
5/1/25,BK0771,Green-Wood Cemetery,GrnWdCem,82.41,87.37,88.02,13.07
5/1/25,BK0801,Prospect Heights,PrspctHts,86.86,93.18,92.65,-8.37
5/1/25,BK0802,Crown Heights (North),CrwnHts_N,86.78,93.2,92.96,-3.67
5/1/25,BK0891,Lincoln Terrace Park,LclnTrPk,86.54,92.96,92.88,-1.18
5/1/25,BK0901,Crown Heights (South),CrwnHts_S,87.06,93.47,93.41,-0.89
5/1/25,BK0902,Prospect Lefferts Gardens-Wingate,PLG_Wngt,87.14,93.52,93.28,-3.8
5/1/25,BK1001,Bay Ridge,ByRdg,86.8,93.2,92.84,-5.59
5/1/25,BK1002,Dyker Heights,DykrHts,86.93,93.32,93.22,-1.57
5/1/25,BK1061,Fort Hamilton,FtHmltn,86.64,93.01,92.84,-2.67
5/1/25,BK1091,Dyker Beach Park,DykrBchPk,84.2,89.68,89.44,-4.38
5/1/25,BK1101,Bensonhurst,Bnsnhrst,87.4,93.83,93.7,-1.98
5/1/25,BK1102,Bath Beach,BthBch,86.99,93.36,93.16,-3.1
5/1/25,BK1103,Gravesend (West),Grvsnd_W,87.28,93.7,93.59,-1.75
5/1/25,BK1201,Sunset Park (East)-Borough Park (West),SnstPk_E,87.13,93.54,93.4,-2.16
5/1/25,BK1202,Borough Park,BoroPk,87.12,93.54,93.25,-4.54
5/1/25,BK1203,Kensington,Knsngtn,86.8,93.21,92.82,-6.18
5/1/25,BK1204,Mapleton-Midwood (West),Mpltn,86.62,92.95,92.84,-1.66
5/1/25,BK1301,Gravesend (South),Grvsnd_S,86.55,92.95,92.89,-0.88
5/1/25,BK1302,Coney Island-Sea Gate,CnyIsl,86.19,92.48,92.39,-1.47
5/1/25,BK1303,Brighton Beach,BrghtnBch,87.09,93.51,93.45,-0.89
5/1/25,BK1391,Calvert Vaux Park,ClvrtVxPk,87.21,93.58,93.55,-0.44
5/1/25,BK1401,Flatbush,Fltbsh,86.88,93.29,93.05,-3.73
5/1/25,BK1402,Flatbush (West)-Ditmas Park-Parkville,Fltbsh_W,86.65,93.04,92.87,-2.64
5/1/25,BK1403,Midwood,Mdwd,86.65,93.04,92.8,-3.67
5/1/25,BK1501,Gravesend (East)-Homecrest,Grvsnd_E,86.83,93.24,93.04,-3.19
5/1/25,BK1502,Madison,Mdsn,86.63,93.01,92.89,-1.9
5/1/25,BK1503,Sheepshead Bay-Manhattan Beach-Gerritsen Beach,ShpshdBy,86.22,92.55,92.38,-2.77
5/1/25,BK1601,Ocean Hill,OcnHl,86.85,93.26,93.01,-4
5/1/25,BK1602,Brownsville,Brwnsvl,86.82,93.23,92.94,-4.59
5/1/25,BK1701,East Flatbush-Erasmus,EFb_Ersms,87.16,93.6,93.45,-2.32
5/1/25,BK1702,East Flatbush-Farragut,EFb_Frrgt,86.89,93.28,93.09,-2.94
5/1/25,BK1703,East Flatbush-Rugby,EFb_Rgby,86.85,93.19,93.11,-1.38
5/1/25,BK1704,East Flatbush-Remsen Village,EFb_RmsnVl,87.24,93.66,93.51,-2.32
5/1/25,BK1771,Holy Cross Cemetery,HlyCrssCem,85.99,92.05,92.06,0.25
5/1/25,BK1801,Flatlands,Fltlnds,86.54,92.93,92.74,-2.89
5/1/25,BK1802,Marine Park-Mill Basin-Bergen Beach,MrnPk_MBsn,86.51,92.87,92.66,-3.39
5/1/25,BK1803,Canarsie,Cnrsie,86.55,92.89,92.72,-2.71
5/1/25,BK1891,Marine Park-Plumb Island,MrnPk_PIsl,85.74,91.96,91.93,-0.56
5/1/25,BK1892,McGuire Fields,McGrFlds,86.53,92.79,92.62,-2.78
5/1/25,BK1893,Canarsie Park & Pier,CnrsiePk,84.19,90.12,90.1,-0.28
5/1/25,BK5591,Prospect Park,PrspctPk,86.62,92.47,92.58,1.98
5/1/25,BK5691,Barren Island-Floyd Bennett Field,BrrnIsl,85.18,91.21,91.11,-1.68
5/1/25,BK5692,Jamaica Bay (West),JmcaBy_W,81.92,87.69,87.7,0.15
5/1/25,BK5693,Shirley Chisholm State Park,ShChshlmPk,86.22,92.51,92.49,-0.18
5/1/25,BX0101,Mott Haven-Port Morris,MttHvn,86.8,93.22,93.16,-0.85
5/1/25,BX0102,Melrose,Mlrs,86.92,93.35,93.27,-1.24
5/1/25,BX0201,Hunts Point,HntsPt,87.28,93.68,93.62,-0.92
5/1/25,BX0202,Longwood,Lngwd,87.04,93.46,93.34,-1.77
5/1/25,BX0291,North & South Brother Islands,BrthrIsls,86.9,93.27,93.16,-1.78
5/1/25,BX0301,Morrisania,Mrrsnia,86.8,93.22,93.14,-1.35
5/1/25,BX0302,Claremont Village-Claremont (East),ClrmntVlg,86.53,92.93,92.8,-2.07
5/1/25,BX0303,Crotona Park East,CrtnaPkEst,86.9,93.27,93.16,-1.78
5/1/25,BX0391,Crotona Park,CrtnaPk,86.36,92.67,92.59,-1.26
5/1/25,BX0401,Concourse-Concourse Village,Cncrs,87.13,93.57,93.4,-2.54
5/1/25,BX0402,Highbridge,Hghbrdg,86.59,93,92.96,-0.61
5/1/25,BX0403,Mount Eden-Claremont (West),MtEdn,87.19,93.64,93.28,-5.61
5/1/25,BX0491,Yankee Stadium-Macombs Dam Park,YnkStdm,87.01,93.44,93.36,-1.22
5/1/25,BX0492,Claremont Park,ClrmntPk,86.89,93.31,93.03,-4.38
5/1/25,BX0501,University Heights (South)-Morris Heights,UnvrsHts_S,86.65,93.07,93.03,-0.61
5/1/25,BX0502,Mount Hope,MtHp,87.62,94.08,93.97,-1.67
5/1/25,BX0503,Fordham Heights,FrdhmHts,87.86,94.33,94.06,-4.13
5/1/25,BX0601,West Farms,WstFrms,86.98,93.36,92.92,-6.79
5/1/25,BX0602,Tremont,Trmnt,87.09,93.51,93.12,-5.97
5/1/25,BX0603,Belmont,Blmnt,87.11,93.46,93.16,-4.73
5/1/25,BX0701,University Heights (North)-Fordham,UnvrsHts_N,86.81,93.23,93,-3.55
5/1/25,BX0702,Bedford Park,BdfrdPk,86.95,93.37,92.89,-7.44
5/1/25,BX0703,Norwood,Nrwd,86.36,92.58,92.53,-0.95
5/1/25,BX0801,Kingsbridge Heights-Van Cortlandt Village,KngbrdgHts,86.63,93.04,92.97,-1.08
5/1/25,BX0802,Kingsbridge-Marble Hill,Kngbrdg,86.62,93,92.78,-3.49
5/1/25,BX0803,Riverdale-Spuyten Duyvil,Rvrdl,85.14,91.12,91.36,3.93
5/1/25,BX0901,Soundview-Bruckner-Bronx River,Sdvw_BxRvr,86.85,93.24,93.09,-2.32
5/1/25,BX0902,Soundview-Clason Point,Sdvw_ClsPt,85.03,91.15,91.09,-1.02
5/1/25,BX0903,Castle Hill-Unionport,CstlHl,86.74,93.08,92.85,-3.59
5/1/25,BX0904,Parkchester,Pkchstr,87.03,93.46,93.21,-3.86
5/1/25,BX0991,Soundview Park,SdvwPk,86.38,92.44,92.34,-1.55
5/1/25,BX1001,Westchester Square,WstchstrSq,86.76,93.15,92.99,-2.47
5/1/25,BX1002,Throgs Neck-Schuylerville,ThrgsNck,84.88,91,90.88,-1.95
5/1/25,BX1003,Pelham Bay-Country Club-City Island,PlhmBy,83.75,89.74,89.66,-1.28
5/1/25,BX1004,Co-op City,CoopCty,86.35,92.61,92.51,-1.48
5/1/25,BX1071,Hart Island,HrtIsl,83.75,89.74,89.66,-1.28
5/1/25,BX1091,Ferry Point Park-St. Raymond Cemetery,FrryPtPk,85.02,91.1,91.09,-0.16
5/1/25,BX1101,Pelham Parkway-Van Nest,PlhmPkwy,86.83,93.1,92.83,-4.33
5/1/25,BX1102,Morris Park,MrrsPk,86.41,92.64,92.5,-2.31
5/1/25,BX1103,Pelham Gardens,PlhmGrdns,86.34,92.61,92.57,-0.77
5/1/25,BX1104,Allerton,Allrtn,86.66,92.89,92.8,-1.36
5/1/25,BX1161,Hutchinson Metro Center,HtchMtrCtr,86.22,92.45,92.35,-1.65
5/1/25,BX1201,Williamsbridge-Olinville,Wllmsbrdg,86.49,92.73,92.66,-1.1
5/1/25,BX1202,Eastchester-Edenwald-Baychester,Estchstr,85.72,91.84,91.81,-0.39
5/1/25,BX1203,Wakefield-Woodlawn,Wkfld_Wdln,86.28,92.56,92.51,-0.83
5/1/25,BX1271,Woodlawn Cemetery,WdlnCem,83.05,87.63,89.38,38.29
5/1/25,BX2691,Van Cortlandt Park,VnCrtldtPk,79.26,84.19,84.95,15.5
5/1/25,BX2791,Bronx Park,BxPk,86.71,92.86,92.71,-2.42
5/1/25,BX2891,Pelham Bay Park,PlhmByPk,83.17,88.15,88.77,12.28
5/1/25,MN0101,Financial District-Battery Park City,FiDi,86.79,93.14,93.09,-0.72
5/1/25,MN0102,Tribeca-Civic Center,TriBeCa,87.49,93.92,93.81,-1.71
5/1/25,MN0191,The Battery-Governors Island-Ellis Island-Liberty Island,Btry_GvIsl,77.98,83.35,83.36,0.12
5/1/25,MN0201,SoHo-Little Italy-Hudson Square,SoHo,87.73,94.17,94.08,-1.38
5/1/25,MN0202,Greenwich Village,GrnwchVlg,87.49,93.94,93.94,0
5/1/25,MN0203,West Village,WstVlg,86.57,92.9,92.35,-8.7
5/1/25,MN0301,Chinatown-Two Bridges,Chntwn,86.71,93.14,93.1,-0.54
5/1/25,MN0302,Lower East Side,LES,86.61,93.03,93,-0.56
5/1/25,MN0303,East Village,EstVlg,86.67,93.09,93.08,-0.19
5/1/25,MN0401,Chelsea-Hudson Yards,Chls_HdsYd,87.09,93.45,93.36,-1.41
5/1/25,MN0402,Hell's Kitchen,HllsKtchn,87.33,93.72,93.54,-2.87
5/1/25,MN0501,Midtown South-Flatiron-Union Square,MdtwnSth,87.66,94.1,94,-1.64
5/1/25,MN0502,Midtown-Times Square,Mdtwn_TmSq,87.45,93.88,93.82,-0.82
5/1/25,MN0601,Stuyvesant Town-Peter Cooper Village,StyTwn,86.53,92.95,92.94,-0.17
5/1/25,MN0602,Gramercy,Grmrcy,87.42,93.86,93.86,-0.08
5/1/25,MN0603,Murray Hill-Kips Bay,MryHl_KpBy,87.23,93.67,93.61,-0.91
5/1/25,MN0604,East Midtown-Turtle Bay,EstMdtwn,87.57,94.01,93.93,-1.33
5/1/25,MN0661,United Nations,UN,86.39,92.79,92.79,-0.13
5/1/25,MN0701,Upper West Side-Lincoln Square,UWS_LclnSq,87.2,93.61,92.93,-10.6
5/1/25,MN0702,Upper West Side (Central),UWS_C,86.58,93,92.89,-1.74
5/1/25,MN0703,Upper West Side-Manhattan Valley,UWS_MnVly,86.37,92.77,92.72,-0.8
5/1/25,MN0801,Upper East Side-Lenox Hill-Roosevelt Island,UES_LnxHl,87.48,93.93,93.75,-2.71
5/1/25,MN0802,Upper East Side-Carnegie Hill,UES_CrngHl,87.1,93.54,93.17,-5.72
5/1/25,MN0803,Upper East Side-Yorkville,UES_Yrkvl,87.35,93.81,93.56,-3.8
5/1/25,MN0901,Morningside Heights,MrngsdHts,85.51,91.82,91.78,-0.63
5/1/25,MN0902,Manhattanville-West Harlem,Mnhttnvl,83.87,89.98,89.92,-0.97
5/1/25,MN0903,Hamilton Heights-Sugar Hill,HmltnHts,86.08,92.43,92.34,-1.33
5/1/25,MN1001,Harlem (South),Hrlm_S,86.62,93.04,92.82,-3.44
5/1/25,MN1002,Harlem (North),Hrlm_N,86.7,93.12,93.04,-1.27
5/1/25,MN1101,East Harlem (South),EstHrlm_S,86.51,92.9,92.85,-0.8
5/1/25,MN1102,East Harlem (North),EstHrlm_N,86.62,93.04,92.87,-2.71
5/1/25,MN1191,Randall's Island,RndllsIsl,86.93,93.32,93.06,-4.18
5/1/25,MN1201,Washington Heights (South),WshHts_S,86.53,92.94,92.88,-0.96
5/1/25,MN1202,Washington Heights (North),WshHts_N,86.51,92.93,92.88,-0.79
5/1/25,MN1203,Inwood,Inwd,86.55,92.94,92.76,-2.84
5/1/25,MN1291,Highbridge Park,HghbrdgPk,86.46,92.86,92.83,-0.55
5/1/25,MN1292,Inwood Hill Park,InwdHlPk,86.44,92.84,92.71,-1.94
5/1/25,MN6491,Central Park,CntrlPk,86.4,92.77,92.74,-0.57
5/1/25,QN0101,Astoria (North)-Ditmars-Steinway,Astr_N,86.76,93.14,93.07,-1.03
5/1/25,QN0102,Old Astoria-Hallets Point,OldAstr,86.53,92.94,92.91,-0.51
5/1/25,QN0103,Astoria (Central),Astr_C,87.34,93.77,93.66,-1.72
5/1/25,QN0104,Astoria (East)-Woodside (North),Astr_E,86.93,93.33,93.08,-3.85
5/1/25,QN0105,Queensbridge-Ravenswood-Dutch Kills,Qnsbrdg,86.72,93.12,93.04,-1.27
5/1/25,QN0151,Rikers Island,RkrsIsl,87.45,93.89,93.89,-0.14
5/1/25,QN0161,Sunnyside Yards (North),SnnysdYd_N,87.15,93.57,93.21,-5.61
5/1/25,QN0171,St. Michael's Cemetery,StMchlCem,86.29,92.57,92.5,-1.14
5/1/25,QN0191,Astoria Park,AstrPk,86.48,92.88,92.84,-0.74
5/1/25,QN0201,Long Island City-Hunters Point,LIC,87.43,93.83,93.7,-1.98
5/1/25,QN0202,Sunnyside,Snnysd,86.68,93.02,92.97,-0.74
5/1/25,QN0203,Woodside,Wdsd,86.86,93.26,93,-4.08
5/1/25,QN0261,Sunnyside Yards (South),SnnysdYd_S,87.29,93.69,93.61,-1.19
5/1/25,QN0271,Calvary & Mount Zion Cemeteries,ClvryCem,86.07,92.32,92.4,1.34
5/1/25,QN0301,Jackson Heights,JcksnHts,86.96,93.37,92.98,-6.06
5/1/25,QN0302,East Elmhurst,EstElmhrst,86.78,93.18,92.92,-4
5/1/25,QN0303,North Corona,NrthCrna,87.21,93.62,93.39,-3.55
5/1/25,QN0401,Elmhurst,Elmhrst,87.26,93.69,93.39,-4.68
5/1/25,QN0402,Corona,Crna,87.09,93.48,93.31,-2.72
5/1/25,QN0501,Maspeth,Mspth,86.78,93.12,93.06,-1.07
5/1/25,QN0502,Ridgewood,Rdgwd,87.01,93.41,93.29,-1.8
5/1/25,QN0503,Glendale,Glndl,86.1,92.22,92.24,0.31
5/1/25,QN0504,Middle Village,MddlVlg,86.18,92.42,92.4,-0.18
5/1/25,QN0571,Mount Olivet & All Faiths Cemeteries,MtOlvtCem,85.97,92.12,92.12,0.07
5/1/25,QN0572,Middle Village Cemetery,MddlVlgCem,86.1,92.32,92.34,0.28
5/1/25,QN0573,St. John Cemetery,StJhnCem,85.78,91.81,91.83,0.41
5/1/25,QN0574,Highland Park-Cypress Hills Cemeteries (North),CyHlsCem_N,85.39,91.21,91.3,1.62
5/1/25,QN0601,Rego Park,RegoPk,86.61,92.94,92.87,-1.14
5/1/25,QN0602,Forest Hills,FrstHls,86.51,92.76,92.61,-2.39
5/1/25,QN0701,College Point,CllgPt,85.28,91.45,91.42,-0.47
5/1/25,QN0702,Whitestone-Beechhurst,Whtstn,85.68,91.84,91.83,-0.16
5/1/25,QN0703,Bay Terrace-Clearview,ByTr_Clrvw,85.93,92,91.99,-0.07
5/1/25,QN0704,Murray Hill-Broadway Flushing,MryHl_BwyF,86.22,92.47,92.43,-0.74
5/1/25,QN0705,East Flushing,EstFlshng,86.06,92.22,92.18,-0.63
5/1/25,QN0706,Queensboro Hill,QnsboroHl,85.86,91.97,91.96,-0.19
5/1/25,QN0707,Flushing-Willets Point,Flshng,87.01,93.4,93.22,-2.85
5/1/25,QN0761,Fort Totten,FtTttn,86.99,93.38,93.37,-0.26
5/1/25,QN0791,Kissena Park,KssnPk,85.26,91,91.12,2.07
5/1/25,QN0801,Kew Gardens Hills,KwGrdnsHls,86.22,92.48,92.47,-0.21
5/1/25,QN0802,Pomonok-Electchester-Hillcrest,Pmnk_Hlcst,86.16,92.37,92.35,-0.27
5/1/25,QN0803,Fresh Meadows-Utopia,FrshMdws,85.69,91.63,91.83,3.41
5/1/25,QN0804,Jamaica Estates-Holliswood,JmcaEstts,85.25,90.97,91.28,5.43
5/1/25,QN0805,Jamaica Hills-Briarwood,JmcaHls,86.4,92.7,92.64,-0.93
5/1/25,QN0871,Mount Hebron & Cedar Grove Cemeteries,MtHbrnCem,85.23,91.34,90.81,-8.63
5/1/25,QN0891,Cunningham Park,CnnghmPk,82.81,87.49,89.13,34.82
5/1/25,QN0901,Kew Gardens,KwGrdns,86.24,92.36,92.47,1.66
5/1/25,QN0902,Richmond Hill,RchmdHl,86.57,92.9,92.94,0.65
5/1/25,QN0903,South Richmond Hill,SthRchmdHl,87,93.41,93.33,-1.26
5/1/25,QN0904,Ozone Park (North),OznPk_N,86.97,93.38,93.11,-4.29
5/1/25,QN0905,Woodhaven,Wdhvn,86.36,92.46,92.33,-2.12
5/1/25,QN1001,South Ozone Park,SthOznPk,86.57,92.92,92.77,-2.28
5/1/25,QN1002,Ozone Park,OznPk,86.46,92.75,92.65,-1.5
5/1/25,QN1003,Howard Beach-Lindenwood,HwrdBch,86.36,92.64,92.61,-0.5
5/1/25,QN1091,Spring Creek Park,SpCrkPk,86.52,92.81,92.81,-0.02
5/1/25,QN1101,Auburndale,Abrndl,86.05,92.21,92.23,0.26
5/1/25,QN1102,Bayside,Bysd,86.04,92.16,92.17,0.18
5/1/25,QN1103,Douglaston-Little Neck,Dglstn,85.18,91.06,91.24,3.17
5/1/25,QN1104,Oakland Gardens-Hollis Hills,OklndGrdns,85.46,91.19,91.5,5.43
5/1/25,QN1191,Alley Pond Park,AllyPndPk,84.67,89.98,90.72,13.91
5/1/25,QN1201,Jamaica,Jmca,86.85,93.24,93.13,-1.6
5/1/25,QN1202,South Jamaica,SthJmca,86.41,92.72,92.67,-0.91
5/1/25,QN1203,Baisley Park,BslyPk,86.21,92.46,92.43,-0.46
5/1/25,QN1204,Springfield Gardens (North)-Rochdale Village,SpfGrdns_N,86.18,92.4,92.38,-0.35
5/1/25,QN1205,St. Albans,StAlbns,86.09,92.3,92.29,-0.18
5/1/25,QN1206,Hollis,Hlls,86.17,92.39,92.36,-0.53
5/1/25,QN1301,Glen Oaks-Floral Park-New Hyde Park,GlnOks,85.74,91.85,91.89,0.73
5/1/25,QN1302,Bellerose,Bllrs,85.25,91.16,91.29,2.27
5/1/25,QN1303,Queens Village,QnsVlg,86.2,92.45,92.41,-0.74
5/1/25,QN1304,Cambria Heights,CmbriaHts,85.87,92.05,92.06,0.15
5/1/25,QN1305,Laurelton,Lrltn,86.08,92.26,92.26,0.01
5/1/25,QN1306,Springfield Gardens (South)-Brookville,SpfGrdns_S,86.13,92.38,92.37,-0.09
5/1/25,QN1307,Rosedale,Rsdl,85.5,91.67,91.67,-0.08
5/1/25,QN1371,Montefiore Cemetery,MntfrCem,86,92.21,92.22,0.29
5/1/25,QN1401,Far Rockaway-Bayswater,FrRckwy,86.17,92.41,92.33,-1.24
5/1/25,QN1402,Rockaway Beach-Arverne-Edgemere,RckwyBch,86.6,92.92,92.82,-1.68
5/1/25,QN1403,Breezy Point-Belle Harbor-Rockaway Park-Broad Channel,BrzyPt,85.69,91.89,91.87,-0.38
5/1/25,QN1491,Rockaway Community Park,RckwyCPk,86.81,93.25,93.25,-0.04
5/1/25,QN8081,LaGuardia Airport,LGA,87.03,93.44,93.37,-1.05
5/1/25,QN8191,Flushing Meadows-Corona Park,FlshMdwCPk,85.53,91.69,91.56,-2.06
5/1/25,QN8291,Forest Park,FrstPk,85.14,90.06,91.53,29.97
5/1/25,QN8381,John F. Kennedy International Airport,JFK,86.6,92.91,92.89,-0.3
5/1/25,QN8491,Jamaica Bay (East),JmcaBy_E,86.37,92.62,92.61,-0.23
5/1/25,QN8492,Jacob Riis Park-Fort Tilden-Breezy Point Tip,JcbRsPk,84.65,90.71,90.7,-0.18
5/1/25,SI0101,St. George-New Brighton,StGrg,85.3,91.33,91.43,1.64
5/1/25,SI0102,Tompkinsville-Stapleton-Clifton-Fox Hills,Tkvl_Stptn,86.08,92.15,92.17,0.33
5/1/25,SI0103,Rosebank-Shore Acres-Park Hill,Rsbnk_PkHl,86.21,92.44,92.42,-0.33
5/1/25,SI0104,West New Brighton-Silver Lake-Grymes Hill,WstNwBrgtn,85.65,91.45,91.61,2.72
5/1/25,SI0105,Westerleigh-Castleton Corners,Wstrlgh,85.3,90.99,91.03,0.72
5/1/25,SI0106,Port Richmond,PrtRchmnd,85.04,91.17,91.16,-0.25
5/1/25,SI0107,Mariner's Harbor-Arlington-Graniteville,MrnrsHrbr,85.71,91.75,91.72,-0.5
5/1/25,SI0191,Snug Harbor,SngHrbr,79.26,84.19,84.95,15.53
5/1/25,SI0201,Grasmere-Arrochar-South Beach-Dongan Hills,Grsmr_SBch,85.9,91.98,91.96,-0.26
5/1/25,SI0202,New Dorp-Midland Beach,NwDrp_MBch,86.06,92.19,92.19,-0.05
5/1/25,SI0203,Todt Hill-Emerson Hill-Lighthouse Hill-Manor Heights,TdtHl,83.98,88.87,90.64,36.19
5/1/25,SI0204,New Springville-Willowbrook-Bulls Head-Travis,NwSprngvl,85.12,90.89,91,2.02
5/1/25,SI0291,Freshkills Park (North),FrshklPk_N,85.34,91.3,91.41,1.97
5/1/25,SI0301,Oakwood-Richmondtown,Okwd_Rmtwn,85.23,91.11,91.1,-0.19
5/1/25,SI0302,Great Kills-Eltingville,GrtKls_Evl,85.3,91.22,91.24,0.41
5/1/25,SI0303,Arden Heights-Rossville,ArdnHts,84.81,90.29,90.55,4.72
5/1/25,SI0304,Annadale-Huguenot-Prince's Bay-Woodrow,Anndl_Wdrw,84.22,89.17,90.02,17.18
5/1/25,SI0305,Tottenville-Charleston,Tttnvl,84.9,90.44,90.82,6.98
5/1/25,SI0391,Freshkills Park (South),FrshklPK_S,84.37,90.04,90.21,3.01
5/1/25,SI9561,Fort Wadsworth,FtWdswrth,82.44,88.04,87.99,-0.99
5/1/25,SI9591,Hoffman & Swinburne Islands,HffmnIsl,84.57,90.56,90.53,-0.45
5/1/25,SI9592,Miller Field,MllrFld,86.26,92.52,92.52,0.07
5/1/25,SI9593,Great Kills Park,GrtKlsPk,84.57,90.56,90.53,-0.45